source_dir,mode,active,rps,slo_scale,mix,raw_engine_tok_s,raw_decode_tok_s,goodput_tok_s,goodput_raw_ratio,mean_tpot_ms,overall_attain,tight_attain,normal_attain,loose_attain,tight_mean_tpot_ms,normal_mean_tpot_ms,loose_mean_tpot_ms,tight_n,normal_n,loose_n,engine_elapsed_s,total_output_tokens,attained_output_tokens,file,path
raw,dual_batch_pearl,64,,,,206.14105170527432,207.35865971867102,58.26404575122774,0.2826416440065974,71.26091254440603,0.22265625,0.023333333333333334,0.018691588785046728,1.0,57.32543698465541,74.98633460144134,107.280174523667,300,107,105,435.29417967796326,89732.0,25362.0,_active64_rps.json,rps6_shifted_dual_active_sweep/raw/_active64_rps.json
raw,parallel_pearl,64,,0.6,,737.4034250016371,753.2169987790857,89.20129763852462,0.12096675254569993,64.13950911738338,0.091796875,0.0,0.009345794392523364,0.4380952380952381,54.197726125529165,66.29317907583793,90.34991113644654,300,107,105,121.59015941619873,89661.0,10846.0,parallel_active64_sloscale0p6.json,rps6_active64_slo_scale_parallel/raw/parallel_active64_sloscale0p6.json
raw,parallel_pearl,64,,0.8,,747.2662841961359,763.4443493247886,201.26649457240327,0.26933704735376046,62.75553770423082,0.21484375,0.0,0.07476635514018691,0.9714285714285714,52.85162262546364,64.21792813456827,89.5621924431265,300,107,105,120.10444188117981,89750.0,24173.0,parallel_active64_sloscale0p8.json,rps6_active64_slo_scale_parallel/raw/parallel_active64_sloscale0p8.json
raw,parallel_pearl,64,,1.0,,761.6525964710463,778.5529553424075,260.78258115369334,0.34239045775196386,62.780361227805074,0.28515625,0.08,0.1588785046728972,1.0,52.85004365240119,64.25452942942697,89.65044956159196,300,107,105,117.99867868423462,89874.0,30772.0,parallel_active64_sloscale1p0.json,rps6_active64_slo_scale_parallel/raw/parallel_active64_sloscale1p0.json
raw,parallel_pearl,64,,1.2,,747.2108543338536,763.4860031270942,414.34238925683854,0.5545186969028029,62.75550481079424,0.521484375,0.4066666666666667,0.37383177570093457,1.0,52.76297706073074,63.838426002033806,90.20203583514106,300,107,105,120.03840613365173,89694.0,49737.0,parallel_active64_sloscale1p2.json,rps6_active64_slo_scale_parallel/raw/parallel_active64_sloscale1p2.json
raw,parallel_pearl,64,,1.4,,742.4116472853412,758.4283766548609,568.9825386159739,0.7663976456949214,63.117051564215245,0.740234375,0.6833333333333333,0.6448598130841121,1.0,53.3229309235558,64.00359141601356,90.1968270695049,300,107,105,120.83323359489441,89708.0,68752.0,parallel_active64_sloscale1p4.json,rps6_active64_slo_scale_parallel/raw/parallel_active64_sloscale1p4.json
raw,parallel_pearl,64,2,,,321.16874903458535,335.92293582232963,289.9878863923888,0.9029143939566835,38.473458638396274,0.8984375,0.8506493506493507,0.9411764705882353,1.0,33.353426470248806,37.10086155438983,55.30654501445587,154,51,51,136.42983675003052,43817.0,39563.0,parallel_active64_rps2.json,rps_shifted_n256_active64_mode_sweep/raw/parallel_active64_rps2.json
raw,parallel_pearl,64,2.4,,,378.3902290085412,395.5338390212573,309.60223776122155,0.8182088596009519,41.42037634140143,0.80859375,0.7142857142857143,0.9019607843137255,1.0,36.79916462258833,38.88304449675412,57.911955336974565,154,51,51,115.49981117248535,43704.0,35759.0,parallel_active64_rps2p4.json,rps_shifted_n256_active64_mode_sweep/raw/parallel_active64_rps2p4.json
raw,parallel_pearl,64,2.8,,,434.37732278464694,453.74231538087884,309.5343710810817,0.7125933027460111,45.033364816608085,0.69921875,0.5324675324675324,0.9019607843137255,1.0,40.95144270053776,40.13552185219429,62.25701181778323,154,51,51,100.85471248626709,43809.0,31218.0,parallel_active64_rps2p8.json,rps_shifted_n256_active64_mode_sweep/raw/parallel_active64_rps2p8.json
raw,parallel_pearl,64,3.2,,,483.7067178596473,504.8748517354604,315.7452973789309,0.6527618611047444,47.489527114258905,0.6328125,0.42207792207792205,0.9019607843137255,1.0,43.648191825800474,41.679394526773756,64.89898586689306,154,51,51,90.19928479194641,43630.0,28480.0,parallel_active64_rps3p2.json,rps_shifted_n256_active64_mode_sweep/raw/parallel_active64_rps3p2.json
raw,parallel_pearl,64,3.6,,,532.3906215196718,555.1819232581685,290.63921293112145,0.5459134725204441,51.089192603441454,0.515625,0.2532467532467532,0.8235294117647058,1.0,46.87741713288102,45.01532091682002,69.88097453450027,154,51,51,82.22909688949585,43778.0,23899.0,parallel_active64_rps3p6.json,rps_shifted_n256_active64_mode_sweep/raw/parallel_active64_rps3p6.json
raw,parallel_pearl,64,4,,,585.7720882007412,610.8339009734727,277.54026870495784,0.4738024810254294,54.02777066798961,0.4296875,0.16883116883116883,0.6470588235294118,1.0,50.05133331259239,47.71214215710654,72.35068060497409,154,51,51,74.45045757293701,43611.0,20663.0,parallel_active64_rps4.json,rps_shifted_n256_active64_mode_sweep/raw/parallel_active64_rps4.json
raw,parallel_pearl,64,6,,mix433,640.6109775553392,655.8592072056979,268.98346619612636,0.4198858209120998,69.02285724789503,0.34375,0.049019607843137254,0.07792207792207792,1.0,56.725475193167654,69.80101521690365,84.53473784488894,102,77,77,70.271977186203,45017.0,18902.0,parallel_active64_rps6_mix433.json,rps6_mix_sweep_active64/raw/parallel_active64_rps6_mix433.json
raw,parallel_pearl,64,6,,mix525252,692.3596781730139,712.3739578620982,271.9026418155744,0.3927187708750835,63.31381832440473,0.3203125,0.0703125,0.140625,1.0,53.65399971660235,64.18581544697771,81.76145841743651,128,64,64,64.86512923240662,44910.0,17637.0,parallel_active64_rps6_mix525252.json,rps6_mix_sweep_active64/raw/parallel_active64_rps6_mix525252.json
raw,parallel_pearl,64,6,,mix71515,726.176816649711,756.9068808974293,225.44825316795016,0.31045917192465344,55.0042171789818,0.26953125,0.1005586592178771,0.3157894736842105,1.0,51.949821200161374,54.70681997467233,69.31288317827959,179,38,39,59.800862550735474,43426.0,13482.0,parallel_active64_rps6_mix71515.json,rps6_mix_sweep_active64/raw/parallel_active64_rps6_mix71515.json
raw,serialized_pearl,64,,0.6,,672.0665474261533,685.2471958562929,36.14153736840365,0.05377672420509054,72.39240327140327,0.041015625,0.0,0.0,0.2,60.19711010127199,75.67385629659996,103.89214115086364,300,107,105,133.69658160209656,89853.0,4832.0,serial_active64_sloscale0p6.json,rps6_active64_slo_scale_serial/raw/serial_active64_sloscale0p6.json
raw,serialized_pearl,64,,0.8,,677.9075264265558,691.2889234284936,146.56703555822213,0.21620505724551967,71.73065246147205,0.169921875,0.0,0.028037383177570093,0.8,59.88516768304397,73.12976623033265,104.14913113061813,300,107,105,132.19207119941711,89614.0,19375.0,serial_active64_sloscale0p8.json,rps6_active64_slo_scale_serial/raw/serial_active64_sloscale0p8.json
raw,serialized_pearl,64,,1.0,,661.8252404440682,674.6118188255905,186.88944785748197,0.2823848902046767,73.1189625998274,0.224609375,0.006666666666666667,0.07476635514018691,1.0,60.55312472513972,76.71392651564807,105.35791710852736,300,107,105,135.75940370559692,89849.0,25372.0,serial_active64_sloscale1p0.json,rps6_active64_slo_scale_serial/raw/serial_active64_sloscale1p0.json
raw,serialized_pearl,64,,1.2,,665.5483400866716,678.4970555015954,266.81056483487066,0.40088833337053326,71.92270530729954,0.34375,0.17666666666666667,0.16822429906542055,1.0,59.81257195180609,73.98569818767218,104.42079834013914,300,107,105,134.63484859466553,89606.0,35922.0,serial_active64_sloscale1p2.json,rps6_active64_slo_scale_serial/raw/serial_active64_sloscale1p2.json
raw,serialized_pearl,64,,1.4,,661.1035821297276,673.81274440347,386.2670599449203,0.5842761563937852,72.43655518653124,0.552734375,0.4766666666666667,0.32710280373831774,1.0,60.22945374436714,75.14288870778176,104.55610514724951,300,107,105,136.10272645950317,89978.0,52572.0,serial_active64_sloscale1p4.json,rps6_active64_slo_scale_serial/raw/serial_active64_sloscale1p4.json
raw,serialized_pearl,64,2,,,313.20636749077636,327.3009404953043,204.3146545800003,0.6523323782234957,48.91707651078484,0.62890625,0.474025974025974,0.7254901960784313,1.0,42.74900398363183,46.84820737414146,69.61110582745886,154,51,51,139.2851631641388,43625.0,28458.0,serial_active64_rps2.json,rps_shifted_n256_active64_mode_sweep/raw/serial_active64_rps2.json
raw,serialized_pearl,64,2.4,,,367.96408274413494,384.2065855446771,193.88187313928086,0.5269043426559034,53.824588418326215,0.49609375,0.2857142857142857,0.6274509803921569,1.0,48.169115644475376,49.28795898434041,75.4385277968812,154,51,51,118.84040331840515,43729.0,23041.0,serial_active64_rps2p4.json,rps_shifted_n256_active64_mode_sweep/raw/serial_active64_rps2p4.json
raw,serialized_pearl,64,2.8,,,420.31200167246186,438.466033765869,178.41132091481052,0.42447353443369384,57.12275534708029,0.38671875,0.14285714285714285,0.5098039215686274,1.0,51.50946076195851,52.24314719908101,78.95231185015321,154,51,51,104.50570011138916,43925.0,18645.0,serial_active64_rps2p8.json,rps_shifted_n256_active64_mode_sweep/raw/serial_active64_rps2p8.json
raw,serialized_pearl,64,3.2,,,475.36428366835594,495.94140658136007,176.9687005370422,0.3722801788375559,60.34311498447488,0.32421875,0.07792207792207792,0.39215686274509803,1.0,55.26549277990888,53.50706281390071,82.5115949884444,154,51,51,91.75068783760071,43615.0,16237.0,serial_active64_rps3p2.json,rps_shifted_n256_active64_mode_sweep/raw/serial_active64_rps3p2.json
raw,serialized_pearl,64,3.6,,,510.71454280148873,531.8780073875229,168.0267871591977,0.3290033337165192,62.942510252576504,0.2734375,0.045454545454545456,0.23529411764705882,1.0,57.46077740155021,57.37298475834374,85.0647192577514,154,51,51,85.16499209403992,43495.0,14310.0,serial_active64_rps3p6.json,rps_shifted_n256_active64_mode_sweep/raw/serial_active64_rps3p6.json
raw,serialized_pearl,64,4,,,549.5013096997502,571.5134181357367,167.29963034355833,0.304457200356759,64.42259283445453,0.24609375,0.025974025974025976,0.1568627450980392,1.0,58.660678728029204,59.819759735354154,86.4241469608,154,51,51,79.5757884979248,43727.0,13313.0,serial_active64_rps4.json,rps_shifted_n256_active64_mode_sweep/raw/serial_active64_rps4.json
raw,serialized_pearl,64,6,,mix433,572.1028664411567,584.3026560343749,219.66979050858345,0.3839690436705362,78.31829291208537,0.3046875,0.0,0.012987012987012988,1.0,62.203844254169645,78.91944299870082,99.06355533335827,102,77,77,79.05046916007996,45225.0,17365.0,serial_active64_rps6_mix433.json,rps6_mix_sweep_active64/raw/serial_active64_rps6_mix433.json
raw,serialized_pearl,64,6,,mix525252,616.0721530422338,632.0923518880348,205.00372375841192,0.33275927624074614,73.88521707239262,0.26171875,0.0,0.046875,1.0,61.60651613896436,76.23695853554361,96.09087747609816,128,64,64,72.57429146766663,44711.0,14878.0,serial_active64_rps6_mix525252.json,rps6_mix_sweep_active64/raw/serial_active64_rps6_mix525252.json
raw,serialized_pearl,64,6,,mix71515,644.1321402212438,668.402865485272,141.5753082246821,0.21979233667187356,64.51956900323611,0.171875,0.00558659217877095,0.10526315789473684,1.0,59.296014430919136,69.1151908772662,84.01655970148215,179,38,39,67.58240628242493,43532.0,9568.0,serial_active64_rps6_mix71515.json,rps6_mix_sweep_active64/raw/serial_active64_rps6_mix71515.json
rps6_shifted_parallel_active_sweep,parallel_pearl,8,,,,207.44596240647348,208.66952367433143,200.15027786999494,0.9648309157148923,35.75379179260981,0.955078125,0.93,0.9813084112149533,1.0,28.937443109967827,37.07339616132887,53.88433405298748,300,107,105,431.35088753700256,89482.0,86335.0,pearl_serial_active8.json,rps6_shifted_parallel_active_sweep/pearl_serial_active8.json
rps6_shifted_parallel_active_sweep,parallel_pearl,16,,,,372.4568032563439,376.43623045103806,349.7193614394296,0.9389528084381231,38.030925572342454,0.92578125,0.8966666666666666,0.9345794392523364,1.0,30.62724826527332,39.89544260532753,57.28425766368852,300,107,105,241.05614185333252,89783.0,84302.0,pearl_serial_active16.json,rps6_shifted_parallel_active_sweep/pearl_serial_active16.json
rps6_shifted_parallel_active_sweep,parallel_pearl,32,,,,547.6899665514572,556.3554878105242,378.5633537485329,0.6912000892259648,48.49206384138561,0.65625,0.62,0.4205607476635514,1.0,39.67344076592206,51.83937921879095,70.27705600573508,300,107,105,163.70575594902039,89660.0,61973.0,pearl_serial_active32.json,rps6_shifted_parallel_active_sweep/pearl_serial_active32.json
rps6_shifted_parallel_active_sweep,parallel_pearl,64,,,,749.3132839718133,765.6236029449747,266.8771012404099,0.35616224475001956,62.21935719277864,0.3046875,0.09666666666666666,0.205607476635514,1.0,52.71386185543555,61.94480518843554,89.65769686580376,300,107,105,119.6655683517456,89667.0,31936.0,pearl_serial_active64.json,rps6_shifted_parallel_active_sweep/pearl_serial_active64.json
rps6_shifted_serial_active_sweep,serialized_pearl,8,,,,175.38394878153062,176.27168074817425,154.874449056411,0.8830594255197918,42.49085419739342,0.865234375,0.84,0.8037383177570093,1.0,34.2248402881312,44.318657142638756,64.24541855584498,300,107,105,510.34886956214905,89507.0,79040.0,pearl_serial_active8.json,rps6_shifted_serial_active_sweep/pearl_serial_active8.json
rps6_shifted_serial_active_sweep,serialized_pearl,16,,,,314.21063164532285,317.05994191378807,254.86105740473337,0.8111153211786208,45.62707409348606,0.787109375,0.77,0.6261682242990654,1.0,36.68505500113471,48.36143003216555,68.3892611626927,300,107,105,285.5791337490082,89732.0,72783.0,pearl_serial_active16.json,rps6_shifted_serial_active_sweep/pearl_serial_active16.json
rps6_shifted_serial_active_sweep,serialized_pearl,32,,,,481.44041386813126,488.1690472894695,234.78383029865003,0.4876695506558749,55.97504419361327,0.443359375,0.35,0.1588785046728972,1.0,45.62582136079905,59.61854270873569,81.83135380052913,300,107,105,186.05625414848328,89575.0,43683.0,pearl_serial_active32.json,rps6_shifted_serial_active_sweep/pearl_serial_active32.json
rps6_shifted_serial_active_sweep,serialized_pearl,64,,,,674.7961126446974,688.092176949476,192.33090480541316,0.28502076583046615,70.91357033545736,0.2265625,0.006666666666666667,0.08411214953271028,1.0,59.41485234140921,72.27772301502544,102.37691377832081,300,107,105,133.09353494644165,89811.0,25598.0,pearl_serial_active64.json,rps6_shifted_serial_active_sweep/pearl_serial_active64.json
